"","gene","baseMean","log2FoldChange","lfcSE","pvalue","padj"
"1","FBgn0000043",31162.0800981548,0.577523435568021,0.125750260948771,5.05403284025591e-07,1.72396374301024e-05
"2","FBgn0000071",342.2384071951,2.65494056602903,0.18360153004925,9.50816942565446e-49,8.79294379219134e-46
"3","FBgn0000116",658.392246950606,1.23596805345471,0.19361042620955,1.07685748049668e-11,8.61796616362869e-10
"4","FBgn0000146",1576.30641475813,0.459481231524418,0.100935928693583,8.67435323365875e-07,2.86013004527635e-05
"5","FBgn0000299",50847.6179108074,0.590668853978641,0.135741915675165,1.59886549615152e-06,4.9840290353817e-05
"6","FBgn0000406",265.508207219706,-1.95400511283828,0.286228113314389,3.48649910103813e-13,3.45453952594528e-11
"7","FBgn0000416",38598.4010589658,-0.35097888538756,0.0761804395150101,9.94019509070606e-07,3.23172827109166e-05
"8","FBgn0000567",261.177919822776,-1.17601961375411,0.172310429213161,4.28163643626151e-13,4.09609885735684e-11
"9","FBgn0001124",1265.56387631098,0.64736149194569,0.115933872876616,2.391507604255e-09,1.31817998610691e-07
"10","FBgn0001137",494.057862333951,-1.21364389541362,0.163890691493193,7.88086217981511e-15,1.02488149879064e-12
"11","FBgn0001224",598.924195179851,1.45873725560002,0.14477274860943,4.41390566541863e-25,1.36062729086219e-22
"12","FBgn0001225",420.296785851059,1.31477837257376,0.15280567264291,4.58868464045222e-19,9.09324339582948e-17
"13","FBgn0001226",1323.88502751031,1.67881144649248,0.188203821438387,2.85595369004517e-20,5.94252564056149e-18
"14","FBgn0001258",1520.17422079885,0.909405944596435,0.123575181028919,1.4840886097005e-14,1.84359246246825e-12
"15","FBgn0001332",1154.74632593001,-0.482482701770772,0.101519542252969,2.80377295448664e-07,1.01903066813067e-05
"16","FBgn0002527",37820.8447269353,-0.725694497897642,0.0975785738758915,8.58366344223602e-15,1.09910508968816e-12
"17","FBgn0002778",1195.49551398941,-0.614270254421311,0.144978064921887,2.1236398914432e-06,6.42729266053881e-05
"18","FBgn0002868",100.134853725014,-2.0538224717443,0.290632169737371,9.93809722924029e-14,1.07421796414243e-11
"19","FBgn0003074",2163.30369517341,0.607012572906255,0.11566585999472,1.68535505447479e-08,7.83643023373949e-07
"20","FBgn0003076",1498.63736847875,0.686858235901873,0.103113376403326,2.67324824898085e-12,2.29375723466676e-10
"21","FBgn0003137",4518.86099683279,0.898755594318887,0.0999822640417823,2.03516408981193e-20,4.3432489024371e-18
"22","FBgn0003317",1351.15641536419,0.508069292951583,0.10283467365208,1.09716420595454e-07,4.36923334266012e-06
"23","FBgn0003360",4343.03539692487,-3.16649470559474,0.143878559683761,9.56283063533262e-109,1.98978598444683e-105
"24","FBgn0003447",36.3045953546084,1.86554304530933,0.343232813662829,3.15853980167723e-09,1.69603398511997e-07
"25","FBgn0003501",277.455454354175,2.1238420217257,0.181687110306176,8.87810621151278e-33,4.34661635284829e-30
"26","FBgn0003502",1202.90340589069,0.703414515627283,0.104916236005894,1.93996007586572e-12,1.71769018206706e-10
"27","FBgn0003525",1371.18050801775,-0.641483471417464,0.139314420341394,3.74245693694001e-07,1.31428139604016e-05
"28","FBgn0003748",1095.96898175689,1.05280788703224,0.108374757981575,2.05432718234306e-23,5.69938837954709e-21
"29","FBgn0004108",660.396760300009,0.783045826770396,0.166454479036226,1.98695878162448e-07,7.5859898804865e-06
"30","FBgn0004369",833.206490963162,-0.75083153423971,0.127441628761217,3.05120118627139e-10,1.89516025920424e-08
"31","FBgn0004396",2423.42112765343,1.01034296316511,0.199342366744502,2.79616517707391e-08,1.25797204155601e-06
"32","FBgn0004507",1829.85370947088,0.858343133941374,0.167107507963931,2.13889922372197e-08,9.78135068079007e-07
"33","FBgn0004893",479.324073607467,-0.782897880444322,0.128437890923387,8.17567888908443e-11,5.62365085899584e-09
"34","FBgn0005640",1577.77681384373,0.632819375485699,0.117284622719741,7.15234857831717e-09,3.60781801317175e-07
"35","FBgn0005660",145.958617557085,0.969016098536654,0.213625769877878,3.43719296193341e-07,1.21219309415982e-05
"36","FBgn0010097",108.554720943388,0.953219379054894,0.231565653605014,2.37051900161918e-06,7.04636773231301e-05
"37","FBgn0010223",65.4057051830563,-1.3476222344486,0.260129514187626,1.26573941287723e-08,5.9856529166916e-07
"38","FBgn0010225",12820.9306661221,-0.462215235158478,0.0947537274431205,1.60422496139472e-07,6.21021597845967e-06
"39","FBgn0010470",4778.27905142065,0.475362217485736,0.0960098460073344,1.1648481110131e-07,4.59480134026638e-06
"40","FBgn0010591",1635.86351148071,-0.630246100867103,0.106541913411485,3.13144577715378e-10,1.93059431135192e-08
"41","FBgn0011260",211.128216078428,1.97256953248586,0.282413198734826,2.12372650973917e-13,2.20947196756989e-11
"42","FBgn0011274",777.072886538848,-0.708858831902816,0.143996172422865,6.98676832868254e-08,2.93742632281165e-06
"43","FBgn0011674",111.519325414977,0.845324573878922,0.196597369502735,1.18228597380937e-06,3.72733566667249e-05
"44","FBgn0011710",2572.23238150938,0.378030354295031,0.0822942545900081,9.85284541086117e-07,3.21589146488618e-05
"45","FBgn0013272",14026.4073250624,-0.461549354353546,0.098713281413185,4.42516131601422e-07,1.52192634847878e-05
"46","FBgn0013576",2533.72180115197,-0.459874515713803,0.0908716499101659,6.45750375434132e-08,2.75619506396835e-06
"47","FBgn0013765",2713.53435824206,0.463865531214423,0.104078965091501,1.33606260324927e-06,4.19624492333724e-05
"48","FBgn0013811",352.215737290154,-0.805823352264413,0.176722301399209,3.33545651964164e-07,1.18636771850331e-05
"49","FBgn0015371",376.597146043775,-0.949886332631582,0.154559382081977,5.19599811535517e-11,3.66494002661873e-09
"50","FBgn0015541",1766.70855415515,0.507644650831648,0.0902780739282444,2.72000178908728e-09,1.47964541768454e-07
"51","FBgn0015568",210.36568254021,1.0191284326622,0.165211808245015,4.80893347449322e-11,3.45040976794889e-09
"52","FBgn0015576",177.174134694188,-0.842270601221166,0.20443041966223,2.51909589915316e-06,7.46136482870168e-05
"53","FBgn0015777",1046.00160294417,0.48678821117966,0.114895391232836,3.30678755979357e-06,9.69098340146545e-05
"54","FBgn0016715",150.876047301718,-1.9311727885757,0.206681212118571,3.53811793429305e-22,8.17993210197808e-20
"55","FBgn0020240",2424.82761269145,0.60414562421082,0.115086410845575,1.7106778132124e-08,7.90998413298157e-07
"56","FBgn0020248",35.6257697080042,2.02119734044183,0.3319676831383,6.49698593108018e-11,4.54406839532608e-09
"57","FBgn0020257",1080.02578479001,-0.649287124097547,0.110358327889661,3.75937690936791e-10,2.28389007420942e-08
"58","FBgn0022338",1046.79162112979,-0.439826552991007,0.101298040897993,2.27487497211557e-06,6.79024468487896e-05
"59","FBgn0023479",3091.86000673672,-1.50031613042116,0.140442586241268,6.02161164877513e-28,2.08824473969814e-25
"60","FBgn0023549",216.541760282419,-1.50872602284042,0.225818710382308,1.03789700988304e-12,9.28862022930809e-11
"61","FBgn0024288",58.8511039030606,-4.48934191654392,0.466134985691128,6.09672334798725e-23,1.49244201250876e-20
"62","FBgn0024315",92.0861494119137,-2.2390363477365,0.234829567207208,8.8499122476286e-23,2.10450913248608e-20
"63","FBgn0024491",519.842489317308,0.57706913380741,0.128674538681698,8.44844594573334e-07,2.81646850993746e-05
"64","FBgn0024984",120.722809158927,1.43204757178665,0.198245631367867,2.8046373689274e-14,3.24208289188649e-12
"65","FBgn0025111",1501.41051323996,2.89089698201455,0.12728652411355,1.53429587127994e-115,6.38497226833147e-112
"66","FBgn0025678",10270.1392986356,0.517426013402375,0.10398702847083,9.06678446421354e-08,3.66815140129889e-06
"67","FBgn0026376",1400.3091590007,-0.937974724688681,0.193042474269591,6.9879900506633e-08,2.93742632281165e-06
"68","FBgn0026562",43909.3483914385,-2.30075982699659,0.229538096342396,2.20390160614511e-25,7.33722922717829e-23
"69","FBgn0026585",2021.90872156419,0.504442537420605,0.101494871371074,9.592551467285e-08,3.83840412799101e-06
"70","FBgn0027091",1185.73017284578,-0.628365124630323,0.11038896538119,1.19095504743999e-09,6.8835547637799e-08
"71","FBgn0027279",2954.97371231197,-1.17723202337206,0.0941329518960432,3.76142741165669e-37,2.40818156517067e-34
"72","FBgn0027348",172.976365334677,-1.10164128127065,0.228075367868059,6.73014621138709e-08,2.85790851619259e-06
"73","FBgn0027515",446.29995365465,0.869130019519857,0.125650970329164,3.77613171523378e-13,3.69749932539892e-11
"74","FBgn0027578",1372.71794925755,-0.472252268427755,0.108653171994701,1.95724548746983e-06,5.98902727654831e-05
"75","FBgn0027580",1310.06341505753,-0.788569611144099,0.163304058436548,9.33720241686402e-08,3.75427708770818e-06
"76","FBgn0027596",753.529266674786,-0.774661982832191,0.166979042319378,2.34339799288265e-07,8.6684895532277e-06
"77","FBgn0027597",419.23880999328,0.610723925766142,0.121374457147871,5.1567960297963e-08,2.2471211181149e-06
"78","FBgn0027949",1448.17954774461,0.619260877303059,0.10231925352815,1.57414417308253e-10,1.01562805833844e-08
"79","FBgn0028327",3772.36086785868,0.577445354284251,0.105806901048262,5.7741835137046e-09,2.96657588793601e-07
"80","FBgn0028433",92.7261508365271,-1.27644704701631,0.224936774234091,8.5083500722289e-10,5.05821411794008e-08
"81","FBgn0028514",599.051934071321,-0.989156785624839,0.187654396219498,8.1675525179086e-09,4.02239879328718e-07
"82","FBgn0028563",1054.61672571693,-0.572998893148294,0.115949777676932,8.20794210753101e-08,3.37124868743674e-06
"83","FBgn0028990",1360.33038646665,-0.661266319766814,0.149886283509263,8.45989580060513e-07,2.81646850993746e-05
"84","FBgn0029002",1587.72811315595,1.36851420873722,0.22816382901028,1.26023779027368e-10,8.39116730275826e-09
"85","FBgn0029167",3706.11653071978,-2.18844884233809,0.0971941952697562,1.33042416810515e-113,3.69104011704639e-110
"86","FBgn0029801",1492.2907154224,-0.775806673887994,0.12504804895399,4.14561699191092e-11,3.05344869236058e-09
"87","FBgn0029896",489.892369695729,-2.42609025663718,0.15230128527916,2.91532734543284e-58,3.03303368700469e-55
"88","FBgn0030037",713.788951310912,0.702494801950749,0.102912207037718,8.35071506885066e-13,7.55467407804826e-11
"89","FBgn0030041",86.8729127322921,-2.7582792672513,0.349391827010179,2.17178374694046e-16,3.11650967685956e-14
"90","FBgn0030237",2009.26220112743,-0.917087358174108,0.116322781521485,2.02555150409045e-16,2.95766055588505e-14
"91","FBgn0030326",140.617019155969,-1.13816694509367,0.258272293848179,5.15859033965746e-07,1.75244683252935e-05
"92","FBgn0030349",1852.88931531509,-0.555739941403394,0.106262664010625,1.90165556940591e-08,8.74446370395876e-07
"93","FBgn0030452",945.476353913299,-0.665572447742869,0.125224014952942,9.19269168231139e-09,4.42258802727617e-07
"94","FBgn0030529",8881.14504394016,-0.536893279806036,0.0973314973511769,4.16462344975145e-09,2.18001012404285e-07
"95","FBgn0030598",37.9496164253343,1.98310424579942,0.334041691915821,2.01903315166866e-10,1.27306158494987e-08
"96","FBgn0030805",340.911562563948,1.02196215082904,0.176548559941003,4.48122285884091e-10,2.70269694595166e-08
"97","FBgn0031117",326.528362744363,0.963736105789409,0.180717262001567,6.39689086014242e-09,3.26633881159297e-07
"98","FBgn0031150",795.373694523486,1.1378692272909,0.165155697426279,4.09394937285716e-13,3.96208611980118e-11
"99","FBgn0031258",107.570874265497,-1.22735577886332,0.256130624782674,9.07892813489812e-08,3.66815140129889e-06
"100","FBgn0031322",396.81370023956,-1.35835262452323,0.197127972910148,2.441230398789e-13,2.47784885477083e-11
"101","FBgn0031327",756.376001806102,1.17655355395494,0.179023463490949,3.18428639906733e-12,2.67705209085226e-10
"102","FBgn0031359",553.951611605946,-0.797157961881993,0.166586808201154,1.13552141585148e-07,4.50044987815803e-06
"103","FBgn0031374",1994.69207554557,-0.780197823785651,0.127992949776774,8.04959810902821e-11,5.58306708845348e-09
"104","FBgn0031449",920.63439812227,-0.830487412052206,0.103691330713278,8.13991443269021e-17,1.27827373251473e-14
"105","FBgn0031461",546.964664368397,0.576563791717778,0.134371924859196,1.9817064778635e-06,6.04166410815308e-05
"106","FBgn0031516",871.056180824024,0.683583536309422,0.133880949611481,3.11818237502453e-08,1.39530279071662e-06
"107","FBgn0031547",265.290557954539,-1.30450152808811,0.246853183449994,6.48787789173081e-09,3.29259803005339e-07
"108","FBgn0031548",53.6658415712637,-1.81752129500717,0.335018631481892,3.19864373940263e-09,1.70655845147744e-07
"109","FBgn0031689",274.174367875674,0.907722021674611,0.16108076554454,1.37826462945304e-09,7.91123897306047e-08
"110","FBgn0031703",90.8211171043253,-1.76343423525526,0.279007295204645,1.3150616261837e-11,1.03257150138933e-09
"111","FBgn0031805",3108.92136889079,-0.798556980213199,0.16499287264732,8.79362901291252e-08,3.58771442521916e-06
"112","FBgn0031888",2725.95825186697,0.426843913530666,0.0966593588349722,1.82774058447272e-06,5.65512449240389e-05
"113","FBgn0031912",1318.33887038031,-1.03819762057775,0.14399005539291,3.08373850597716e-14,3.51588432674629e-12
"114","FBgn0031913",953.67044458264,-0.676507429432839,0.155182587706802,1.0185295370887e-06,3.28574470433692e-05
"115","FBgn0032004",961.594774571443,-1.14300189352018,0.163680461652524,1.65211019816755e-13,1.74057128852513e-11
"116","FBgn0032029",339.990503738381,-0.890926317264074,0.15205858057946,3.02663856911213e-10,1.89403855719701e-08
"117","FBgn0032036",7558.94439960382,-0.531275337244494,0.10230345105811,2.55193973417628e-08,1.1543366525842e-06
"118","FBgn0032405",79.6140619600449,2.62945791990843,0.241607686163369,7.44761729768827e-29,2.95173898898378e-26
"119","FBgn0032451",584.687745012542,0.697118776215142,0.16529503934207,2.15270857672861e-06,6.49166430583776e-05
"120","FBgn0032598",315.321279016528,1.05169583324141,0.143666563578144,1.59919388269561e-14,1.95736627730522e-12
"121","FBgn0032635",610.767742344328,0.567696130289375,0.110951995083987,3.65078605046348e-08,1.61624959031955e-06
"122","FBgn0032638",131.937964525685,-1.35560175774352,0.245146715609938,1.8407466260627e-09,1.03517122761621e-07
"123","FBgn0032775",3131.5119121003,-0.70830493099792,0.152857696023395,2.78259900293111e-07,1.01577067988577e-05
"124","FBgn0032820",332.441304197165,0.575475798064705,0.125021976214551,4.68358173659883e-07,1.60417492978239e-05
"125","FBgn0033065",29.9474261954372,2.90333303385465,0.425737208156106,6.06918486275142e-13,5.67571074299776e-11
"126","FBgn0033079",379.010277573815,-0.607753989539559,0.136878023162613,8.5586935685256e-07,2.83800822991389e-05
"127","FBgn0033095",1489.11266835328,0.744750382618326,0.0929998383117485,1.107778200186e-16,1.70741443706446e-14
"128","FBgn0033188",1362.00120351931,-0.500351849426881,0.111322570208448,8.98098477273633e-07,2.94286363242065e-05
"129","FBgn0033367",15324.7662695322,1.39258392183352,0.218739775248688,1.26443219410818e-11,1.00227325252975e-09
"130","FBgn0033368",63.8159109282604,1.20550036937623,0.290346417960154,1.95293156560432e-06,5.98902727654831e-05
"131","FBgn0033426",352.952359113148,-0.944409349144743,0.146115952566457,6.76584349112574e-12,5.52079562516074e-10
"132","FBgn0033446",81.5473124726477,-1.01548090224561,0.252107221518919,3.21026705787527e-06,9.44136138611162e-05
"133","FBgn0033495",66.4295350401534,-1.86448638639489,0.408386079052324,2.22682716559113e-07,8.31115807139685e-06
"134","FBgn0033635",2490.06131835105,1.1242206735913,0.231310228047595,8.00686722947246e-08,3.33205779754497e-06
"135","FBgn0033724",152.832426365126,1.35966899671934,0.219340590510911,3.21283155775178e-11,2.40904477974487e-09
"136","FBgn0033764",65.204000810515,3.36080370178941,0.295819038893249,5.31237188642708e-31,2.3270984847754e-28
"137","FBgn0033775",46.8800238170876,1.84757607962243,0.293598680593838,1.78144932485584e-11,1.37287062321992e-09
"138","FBgn0033782",162.228946911747,-1.2853603123087,0.248601724496259,1.06862107125851e-08,5.08236181490548e-07
"139","FBgn0033913",5213.06530296395,-1.14314069735877,0.105892919801929,2.02763530232614e-28,7.33739505272195e-26
"140","FBgn0034010",547.24959552593,-1.4332038277911,0.141084373683791,2.85033105093565e-25,9.12434820651438e-23
"141","FBgn0034067",141.711753118672,0.949846808820544,0.200961650710579,1.4121285362122e-07,5.49212420882902e-06
"142","FBgn0034354",372.61173442524,0.882276267733222,0.194879416109287,4.18869795733096e-07,1.44825914941321e-05
"143","FBgn0034389",110.751462135446,-1.85192263114078,0.261267614924399,7.62197074541773e-14,8.34706085711997e-12
"144","FBgn0034391",65.1265053789664,1.4753335381451,0.263529220718678,1.18150478396894e-09,6.87668833354787e-08
"145","FBgn0034400",5939.59527855918,-0.512459094061226,0.102745285295807,8.0711045583788e-08,3.34207976315357e-06
"146","FBgn0034405",2290.49513443639,0.635669034305251,0.0906515856872786,2.59699242745339e-13,2.60418891249332e-11
"147","FBgn0034434",114.625559330683,-3.59966999024952,0.278424133425097,3.78963321572752e-39,2.86737429586365e-36
"148","FBgn0034438",74.5940245247824,1.83603410525892,0.251139556261232,1.66574984871152e-14,2.00928057838057e-12
"149","FBgn0034638",1664.00941883663,-0.88469918499568,0.119857661690614,1.15354755822713e-14,1.45469338289764e-12
"150","FBgn0034718",496.037113524655,1.30597312882418,0.248383355793173,8.72550588673927e-09,4.24692312838193e-07
"151","FBgn0034736",225.876362546023,-3.48498009803556,0.21594573950788,3.86369425783761e-60,4.59393247256892e-57
"152","FBgn0034751",16641.1463539108,-1.03595491766781,0.120550716252768,5.0792004277717e-19,9.83120585124276e-17
"153","FBgn0034885",160.521967260824,1.57001578167618,0.231392608988327,5.6450893497608e-13,5.33909984750672e-11
"154","FBgn0034897",892.504226935569,-1.8951400102481,0.160132352752062,1.18499458767717e-33,6.57513996882473e-31
"155","FBgn0035085",638.232608936723,-2.54561140244563,0.138016399380024,1.2877177955285e-77,2.14353504243674e-74
"156","FBgn0035147",19322.7427980903,-1.05450445672483,0.171242790203246,4.34417373920849e-11,3.14404852447237e-09
"157","FBgn0035150",2606.02901506028,0.537600487088333,0.0993018425123853,8.31681180263513e-09,4.07181321372542e-07
"158","FBgn0035189",215.649109473704,2.9318664091436,0.255284745886657,8.604283769086e-32,3.97852521167238e-29
"159","FBgn0035232",1724.90443352683,-0.504672200845243,0.103166959640145,1.28679750564436e-07,5.05189416956511e-06
"160","FBgn0035266",383.491045433592,1.0148773538169,0.186971376652507,3.70606950772007e-09,1.96468894985695e-07
"161","FBgn0035344",77.3906854234971,-1.57863832809663,0.24086747208438,2.84208052584463e-12,2.41373838944948e-10
"162","FBgn0035403",496.336141885826,-0.901741265788289,0.163285882515741,2.0143609360122e-09,1.12520309197514e-07
"163","FBgn0035500",4353.27271493634,-0.523428735704581,0.1225584252033,2.27619640403848e-06,6.79024468487896e-05
"164","FBgn0035727",65.2382080197701,1.51609663824333,0.244687852272392,3.3340447627652e-11,2.47761201432989e-09
"165","FBgn0035761",584.24372961436,0.708905111878045,0.114159036568895,5.15157376332039e-11,3.66466225915518e-09
"166","FBgn0035765",556.565924409498,0.955425468100468,0.136761662819452,2.27303930615813e-13,2.33561804261162e-11
"167","FBgn0035811",1035.69733791406,0.826352135090443,0.164769972622007,4.05619061282491e-08,1.78622616246253e-06
"168","FBgn0035937",902.533123624161,0.505984658202925,0.110373459907513,6.31508932873507e-07,2.1366052228887e-05
"169","FBgn0035968",295.080008715197,1.07487148893553,0.138756681458531,6.43013017306798e-16,9.07084295431268e-14
"170","FBgn0036007",1262.74646163205,0.74896878306698,0.140093525369303,7.91515579243366e-09,3.92130009883484e-07
"171","FBgn0036299",655.122274652677,0.894656742136792,0.152858283201583,3.50607218883448e-10,2.14566461968157e-08
"172","FBgn0036576",1775.64757341738,-0.941239289727146,0.226773271074812,1.80308554634538e-06,5.59965709038529e-05
"173","FBgn0036663",7680.95811958356,-0.618283938042475,0.133426031732426,3.37108464675088e-07,1.19393776659181e-05
"174","FBgn0036684",908.268719002069,-0.849170021271281,0.117001402708561,2.43755096599281e-14,2.85742770281101e-12
"175","FBgn0036821",416.318375721468,-1.62794375137521,0.318629271257019,1.34976678557937e-08,6.34695421264245e-07
"176","FBgn0036896",643.752497468408,-0.80763570701121,0.158638729839974,2.54563619663346e-08,1.1543366525842e-06
"177","FBgn0036968",736.417217926066,-0.949903223265776,0.116729618204667,2.89943024222483e-17,4.92488936857904e-15
"178","FBgn0036985",1932.81686662789,-1.30439875882897,0.174930340980356,4.46925645245753e-15,5.99961636351678e-13
"179","FBgn0037153",103.138008401758,1.79251892395334,0.215121680404554,3.83747356712898e-18,6.94332445635098e-16
"180","FBgn0037223",24.9888948742115,-2.46043700849264,0.467170786482042,7.82864672180954e-09,3.90751863056293e-07
"181","FBgn0037239",747.673982647397,-0.852860639304934,0.103691599107841,1.3155444854884e-17,2.28109932348332e-15
"182","FBgn0037290",67.0979552373649,2.93732188438671,0.333718750096318,7.41827103513674e-20,1.50590902013276e-17
"183","FBgn0037468",3146.70077127865,0.832782818970208,0.177984775033492,2.25021201404574e-07,8.36094401468872e-06
"184","FBgn0037635",167.521439147164,-1.03057485311482,0.172544304193115,1.43585843196856e-10,9.40996041675146e-09
"185","FBgn0037646",39.6194029275577,-2.69547609374548,0.396384730292734,7.11864618468983e-13,6.51082331815093e-11
"186","FBgn0037678",35.3314222655489,1.58120759578275,0.374992312281322,1.15135656296293e-06,3.65753460822154e-05
"187","FBgn0037680",416.834628202428,0.727471217731943,0.137010003376531,1.00636986550067e-08,4.81380252331152e-07
"188","FBgn0037683",1434.35534989018,-0.803516919740932,0.148575881113496,4.43094477794634e-09,2.2906058004253e-07
"189","FBgn0037739",357.48198553562,0.717014319603013,0.143264308856733,5.23905790880776e-08,2.27107702994828e-06
"190","FBgn0037754",269.759434828675,-2.29496469575404,0.2358936044754,1.41806088235827e-23,4.06983473236825e-21
"191","FBgn0037844",248.598836365011,0.649155572036741,0.147302336827557,9.98381960016422e-07,3.23328134366408e-05
"192","FBgn0037850",339.794493211898,0.593554001799587,0.135053659794371,1.17395166207861e-06,3.71513295949822e-05
"193","FBgn0037872",397.026724855338,-0.792968978060952,0.139179955559949,9.42532622086035e-10,5.54196006349477e-08
"194","FBgn0038149",993.470196777235,1.02135098661707,0.126898676976695,5.7956442866478e-17,9.4582641956411e-15
"195","FBgn0038198",62.2913022634452,2.31584410120247,0.308774700570955,3.68636558002316e-15,5.0297738889398e-13
"196","FBgn0038237",20.7726859291834,-2.64321944118215,0.575725217783214,3.03821638155801e-07,1.08996012688393e-05
"197","FBgn0038293",3300.82562593858,0.581668302259058,0.108227717438052,9.15917323719932e-09,4.42258802727617e-07
"198","FBgn0038341",427.750828653903,0.844236968093643,0.153496000108628,2.77941932458154e-09,1.5021498076943e-07
"199","FBgn0038351",97.3791361116169,-1.5520379338547,0.260800064056473,1.35852499714538e-10,8.97381234225477e-09
"200","FBgn0038381",158.233296490354,-1.05751137995553,0.195961109512822,3.84267972979578e-09,2.02421667032217e-07
"201","FBgn0038436",622.846709757112,0.633923184673839,0.128658125815559,8.22255777423595e-08,3.37124868743674e-06
"202","FBgn0038476",1367.42334401925,0.646598785459899,0.107519436690679,1.91736806665807e-10,1.21818736021337e-08
"203","FBgn0038528",152.602204393006,1.34849422670863,0.185327689523479,2.01555797777077e-14,2.39649843556944e-12
"204","FBgn0038720",255.828828105931,0.630277738021465,0.143105040304164,1.08079302684155e-06,3.45978475477009e-05
"205","FBgn0038805",749.301501358822,0.725579903713421,0.110733117147288,5.30724298729403e-12,4.3734835032919e-10
"206","FBgn0038832",301.922359913768,-2.50872437970151,0.203484893647698,4.08366516652304e-36,2.42773894149795e-33
"207","FBgn0038865",282.797843257863,-0.992769661344669,0.157816074412666,1.90431450862282e-11,1.45409262892364e-09
"208","FBgn0038877",983.32738391576,-0.65521883105024,0.135932525793754,1.30134682103271e-07,5.08502797720902e-06
"209","FBgn0039000",478.024688905653,-0.588357995815456,0.125010286722861,2.52869188383167e-07,9.31252325182788e-06
"210","FBgn0039098",308.493104091368,-0.964265573048174,0.17542749517032,2.42499688805366e-09,1.32784533547833e-07
"211","FBgn0039101",294.420198644807,-0.901671189859754,0.205925596447206,7.26237989196088e-07,2.43728983228994e-05
"212","FBgn0039109",475.414402545912,-1.2776715597071,0.132926964958707,4.57054080362735e-23,1.15274579116941e-20
"213","FBgn0039113",474.333402699434,0.91189417829752,0.13733646241101,2.32818500162267e-12,2.03973513352689e-10
"214","FBgn0039155",730.595806139728,-4.60651225907724,0.169487673340712,4.88598916294907e-165,4.06660878032251e-161
"215","FBgn0039257",521.9273090084,-1.02647735006727,0.121690307534125,2.08547182112465e-18,3.85719599271566e-16
"216","FBgn0039419",1564.3067965081,-1.14502435314477,0.0970029568743225,2.10576582426959e-33,1.09539305971224e-30
"217","FBgn0039464",820.529102252368,1.07201638405572,0.179653435224206,1.56305002958955e-10,1.01562805833844e-08
"218","FBgn0039479",175.678112416903,1.4988014012705,0.201825548042792,5.62046363133651e-15,7.42525695295457e-13
"219","FBgn0039485",58.5694895403254,1.22268854405065,0.268015580374536,3.11216645976059e-07,1.11169791607671e-05
"220","FBgn0039593",42.4946506743156,1.83524171118882,0.319394241526733,6.0809253568841e-10,3.641118111176e-08
"221","FBgn0039637",3037.39941677664,-0.478795067960573,0.10104977841655,3.03125096989361e-07,1.08996012688393e-05
"222","FBgn0039640",72.0247462362931,-1.72100378011611,0.267556624333664,7.08260903074797e-12,5.7231606760112e-10
"223","FBgn0039714",2309.89452329995,-0.574359218784619,0.121026449308054,2.18351215306248e-07,8.22324509047016e-06
"224","FBgn0039809",582.995876037301,-0.831994450784261,0.148635069724772,1.59823704674022e-09,9.11104584932799e-08
"225","FBgn0039827",261.916235943103,-4.13019936074833,0.23354089712461,1.25663334386721e-71,1.74315988683446e-68
"226","FBgn0039886",899.370149099067,-0.601229989271091,0.109592587399144,4.31690416313425e-09,2.2455995843604e-07
"227","FBgn0040091",1106.52964640409,-1.55709930747752,0.121693929606235,8.6971568209209e-39,6.03220301837706e-36
"228","FBgn0040099",910.115655435202,-1.74056442125841,0.192395326184879,7.97351260082236e-21,1.74640908885907e-18
"229","FBgn0040271",1010.0394401539,0.893782789157962,0.107719467591195,8.64245452081392e-18,1.53044997822839e-15
"230","FBgn0040290",711.511402332931,-0.525507806980682,0.10988628584871,2.09188544802541e-07,7.91398299268888e-06
"231","FBgn0040388",1478.46090025325,-0.986774581315456,0.162959522759085,8.34645998957586e-11,5.69406446665901e-09
"232","FBgn0040398",4196.28242500357,-0.751704144332827,0.141362262792437,7.84038941852709e-09,3.90751863056293e-07
"233","FBgn0040752",4855.18467380839,-0.760888800643886,0.16803125578454,4.19356548129981e-07,1.44825914941321e-05
"234","FBgn0040827",215.987277141888,-1.95883634424434,0.177301307041045,1.73292199080103e-29,7.21155486471847e-27
"235","FBgn0043364",1194.99433999215,-1.12645107352391,0.231318333611544,5.7452940807729e-08,2.47762086187942e-06
"236","FBgn0043841",14718.0845153021,-0.598931749940288,0.125603685577559,1.78597285508337e-07,6.88178336706431e-06
"237","FBgn0044047",273.953039732563,-0.837062329395727,0.171261146546288,7.52242126925206e-08,3.14618654391884e-06
"238","FBgn0045852",2029.06047311394,-0.619019252488269,0.145971584165155,2.01572938044484e-06,6.12296191001548e-05
"239","FBgn0050069",1553.51023495601,-0.825504846644368,0.145430704050779,9.45522442648393e-10,5.54196006349477e-08
"240","FBgn0050147",973.928360811672,-0.932259050991825,0.100794982774879,1.46732091046285e-21,3.30067890210331e-19
"241","FBgn0050463",42.093388347849,2.52512113906455,0.351038721160592,4.15987646112344e-14,4.61635357145738e-12
"242","FBgn0051038",713.149257958899,-0.89433876469099,0.162099360544592,2.09616308621455e-09,1.16309102443758e-07
"243","FBgn0051092",153.065603475219,2.3012360198522,0.177546840770614,1.30950732784881e-39,1.08990294896856e-36
"244","FBgn0051195",924.936169233483,0.779998778108219,0.0978689209261532,1.44619282496759e-16,2.18848416040096e-14
"245","FBgn0051337",891.416092886071,-0.83984315676835,0.180483841913578,2.08309359451367e-07,7.91398299268888e-06
"246","FBgn0051363",7162.51092793587,0.88145497788252,0.137699003668208,1.34600488234405e-11,1.04699052670556e-09
"247","FBgn0051431",2283.72217226644,-0.707157911014996,0.103323947023041,6.54056639017726e-13,6.04857045171615e-11
"248","FBgn0051523",4596.16609844027,-0.76382246963583,0.163735228654565,2.19888642654271e-07,8.2438431207725e-06
"249","FBgn0051642",110.537870170146,1.95694012720373,0.245079065353445,6.21556523935512e-17,9.9484902859909e-15
"250","FBgn0051856",84.5636456296641,0.917537783802191,0.216155672972498,1.40044298882221e-06,4.38191240449895e-05
"251","FBgn0052135",240.708327074597,1.23725446751621,0.222303596520404,1.80619483028718e-09,1.02265031105308e-07
"252","FBgn0052407",187.056692286253,-2.16765872648259,0.19878911108811,1.10156995611461e-28,4.16743942942814e-26
"253","FBgn0052412",1088.29296393936,-0.637677674173297,0.102269318861053,4.2793592436576e-11,3.12430763025984e-09
"254","FBgn0052521",2732.84091761804,-0.865616551982633,0.177152696145652,6.03603253592415e-08,2.58958241219055e-06
"255","FBgn0052625",155.798966266562,1.53135147021594,0.244680945154586,2.57567662554845e-11,1.94885059585816e-09
"256","FBgn0052681",160.548780962032,-0.93820042220682,0.181348151886502,1.53390004512797e-08,7.17227532337086e-07
"257","FBgn0053307",1013.60990880891,-1.39281946627186,0.212159710530416,2.63289586884945e-12,2.2826658662952e-10
"258","FBgn0053516",706.246416594254,-0.745661334017867,0.122960625531461,1.06423213408433e-10,7.14322907418056e-09
"259","FBgn0063492",587.735380417937,0.766183854488787,0.116790724830919,4.94661208204341e-12,4.11706523588473e-10
"260","FBgn0063493",302.068415237205,0.791255031151557,0.187708060584687,1.94291702066904e-06,5.98902727654831e-05
"261","FBgn0063498",343.876460247736,-1.33122328455376,0.168192480097189,1.59119782899904e-16,2.36491777334982e-14
"262","FBgn0063649",646.206703234271,-1.28493013185616,0.129430480225643,1.84169136360533e-24,5.47442757831685e-22
"263","FBgn0063667",13.0518993653136,2.54836534154985,0.594896955013185,1.12849889129415e-06,3.59865757557134e-05
"264","FBgn0085359",68.610037631773,-4.81911023351467,0.489150866193298,3.54871126661534e-23,9.52771737807726e-21
"265","FBgn0085402",5318.52203576905,-0.545801972155717,0.115726998420595,2.64231074312885e-07,9.68808472029139e-06
"266","FBgn0086365",3446.9162597271,-0.500082607397901,0.111891485019849,1.05246991125542e-06,3.38212628238567e-05
"267","FBgn0086906",1128.12039949449,0.712344193617666,0.155010912040809,3.79243653367491e-07,1.32623736427632e-05
"268","FBgn0086910",87.0667848162797,1.74111919033814,0.248036414347535,1.10505435160803e-13,1.1791496626197e-11
"269","FBgn0087007",133.271978253871,1.03013492398716,0.237009993154195,8.69413554553545e-07,2.86013004527635e-05
"270","FBgn0250867",435.976602780338,0.779695935476034,0.174784448035025,6.80088404926726e-07,2.29165011911139e-05
"271","FBgn0250904",30.258560257514,1.7358405696888,0.376560778614541,1.91924230996537e-07,7.36122292435105e-06
"272","FBgn0259224",251.944680542466,1.06016305506538,0.211810792110035,3.53786045683047e-08,1.5746316888877e-06
"273","FBgn0259715",804.645238761246,-1.69609251763439,0.284181515023278,9.59651050165928e-11,6.49363877278945e-09
"274","FBgn0259749",1396.38874593679,-0.582233825905706,0.137540140293015,2.18953700756492e-06,6.57888682814541e-05
"275","FBgn0260011",89.2769721375591,2.32624333369708,0.27442911177572,9.10215313105967e-19,1.72175501158658e-16
"276","FBgn0260933",747.841707706492,0.574432928651398,0.122286533132095,2.97604558661066e-07,1.07694032249394e-05
"277","FBgn0260966",746.152600996254,-0.852986537163375,0.208479469194965,2.53961841532174e-06,7.4954766208237e-05
"278","FBgn0261015",434.540945708286,-1.06732023240178,0.215298501230826,4.091702190655e-08,1.79238091225377e-06
"279","FBgn0261238",912.604214590372,0.745470023099209,0.124385521801416,1.79852700126358e-10,1.15147232550129e-08
"280","FBgn0261278",999.205149063771,0.471209371016362,0.100031279698874,3.84717273800698e-07,1.33974973633607e-05
"281","FBgn0261284",51.0130239523776,2.23651069259766,0.295680152981487,2.4369092568017e-15,3.38039929072676e-13
"282","FBgn0261362",5796.36332524863,1.47735735052415,0.183221037557201,4.81328150104993e-17,8.01218838664771e-15
"283","FBgn0261552",5128.82302485314,-1.85731140581811,0.193538251900688,3.70090349723444e-23,9.62581868983821e-21
"284","FBgn0261560",1755.86868173783,-0.859773790775213,0.11864228053198,3.25771973425309e-14,3.66405423624168e-12
